{"cameraMode":{"drawMode":0,"name":"Shaded","section":"Shading Mode"},"sceneLighting":true,"audioPlay":false,"sceneViewState":{"m_AlwaysRefresh":false,"showFog":true,"showSkybox":true,"showFlares":true,"showImageEffects":true,"showParticleSystems":true,"showVisualEffectGraphs":true,"m_FxEnabled":true},"in2DMode":false,"pivot":{"x":52.46807861328125,"y":8.842704772949219,"z":82.16909790039063},"rotation":{"x":-0.014766620472073555,"y":0.36932241916656496,"z":-0.005897131748497486,"w":-0.9292128086090088},"size":12.786714553833008,"orthographic":false}