{"cameraMode":{"drawMode":0,"name":"Shaded","section":"Shading Mode"},"sceneLighting":true,"audioPlay":false,"sceneViewState":{"m_AlwaysRefresh":false,"showFog":true,"showSkybox":true,"showFlares":true,"showImageEffects":true,"showParticleSystems":true,"showVisualEffectGraphs":true,"m_FxEnabled":true},"in2DMode":false,"pivot":{"x":87.20576477050781,"y":351.95635986328127,"z":-30.994796752929689},"rotation":{"x":0.23143479228019715,"y":-0.20084282755851746,"z":0.0488903634250164,"w":0.9506603479385376},"size":62.197818756103519,"orthographic":false}